{
  "train_loss": [
    0.9413125881397943,
    0.9239487435350466,
    0.9081676965782192,
    0.8879440734334527,
    0.8685885974310551,
    0.8455499731116558
  ],
  "val_loss": [
    0.8986172378063202,
    0.9538000673055649,
    0.8703550100326538,
    0.9017065465450287,
    0.9158167541027069,
    0.907847985625267
  ],
  "mean_auc": [
    0.8730034014399385,
    0.8507386750816227,
    0.8616684660395857,
    0.866482190369223,
    0.8604184322580608,
    0.864880449210589
  ]
}